<?xml version="1.0"?>
<!DOCTYPE module PUBLIC
    "-//Puppy Crawl//DTD Check Configuration 1.2//EN"
    "http://www.puppycrawl.com/dtds/configuration_1_2.dtd">

<module name="Checker">
    <module name="NewlineAtEndOfFile" />
    <module name="Translation" />
    <module name="FileLength" />

    <module name="FileTabCharacter">
        <property name="eachLine" value="true" />
    </module>

    <module name="RegexpSingleline">
        <!-- \s matches whitespace character, $ matches end of line. -->
        <property name="format" value="(?&lt;!\*)\s+$|\*\s\s+$" />
        <property name="message" value="Line has trailing spaces." />
    </module>

    <module name="LineLength">
        <property name="max" value="160" />
    </module>

    <module name="TreeWalker">


        <!-- Checks for Naming Conventions. -->
        <!-- See http://checkstyle.sf.net/config_naming.html -->
        <module name="ConstantName" />
        <module name="LocalFinalVariableName" />
        <module name="LocalVariableName" />
        <module name="MemberName" />
        <module name="MethodName" />
        <module name="PackageName" />
        <module name="ParameterName">
            <property name="format" value="^[a-z$][a-zA-Z0-9]*$" />
        </module>
        <module name="StaticVariableName" />
        <module name="TypeName" />

        <!-- Checks for imports -->
        <!-- See http://checkstyle.sf.net/config_import.html -->
        <module name="IllegalImport" /> <!-- defaults to sun.* packages -->
        <module name="RedundantImport" />
        <module name="UnusedImports" />

        <!-- Checks for Size Violations. -->
        <!-- See http://checkstyle.sf.net/config_sizes.html -->
        <module name="MethodLength" />

        <!-- Checks for whitespace -->
        <!-- See http://checkstyle.sf.net/config_whitespace.html -->
        <module name="EmptyForIteratorPad" />
        <module name="MethodParamPad" />
        <module name="ParenPad" />
        <module name="TypecastParenPad" />
        <module name="NoWhitespaceBefore">
            <property name="tokens" value="SEMI, POST_INC, POST_DEC, GENERIC_END" />
        </module>
        <module name="ParenPad">
            <property name="option" value="nospace" />
        </module>
        <module name="WhitespaceAfter">
            <property name="tokens" value="COMMA, SEMI" />
        </module>
        <module name="WhitespaceAround" />

        <!-- Modifier Checks -->
        <!-- See http://checkstyle.sf.net/config_modifiers.html -->
        <module name="ModifierOrder" />
        <module name="RedundantModifier" />

        <!-- Checks for blocks. You know, those {}'s -->
        <!-- See http://checkstyle.sf.net/config_blocks.html -->
        <module name="AvoidNestedBlocks">
            <property name="allowInSwitchCase" value="true" />
        </module>
        <module name="EmptyBlock">
            <property name="option" value="text" />
            <property name="tokens" value="LITERAL_CATCH" />
        </module>
        <module name="NeedBraces" />
        <module name="LeftCurly">
            <property name="option" value="eol" />
        </module>
        <module name="RightCurly">
            <property name="option" value="alone" />
        </module>

        <!-- Checks for common coding problems -->
        <!-- See http://checkstyle.sf.net/config_coding.html -->
        <module name="EmptyStatement" />
        <module name="EqualsHashCode" />
        <module name="IllegalInstantiation" />
        <module name="InnerAssignment" />
        <module name="MissingSwitchDefault" />
        <module name="SimplifyBooleanExpression" />
        <module name="SimplifyBooleanReturn" />

        <!-- Checks for class design -->
        <!-- See http://checkstyle.sf.net/config_design.html -->
        <module name="FinalClass" />
        <module name="HideUtilityClassConstructor" />
        <module name="MutableException" />
        <module name="ThrowsCount">
            <property name="max" value="3" />
        </module>

        <!-- Metrics checks. -->
        <!-- http://checkstyle.sourceforge.net/config_metrics.html -->
        <module name="CyclomaticComplexity">
            <property name="max" value="15" />
        </module>

        <!-- JavaDoc checks. -->
        <module name="JavadocType">
            <property name="severity" value="ignore" />
        </module>
        <module name="JavadocMethod">
            <property name="severity" value="ignore" />
        </module>
        <module name="JavadocVariable">
            <property name="severity" value="ignore" />
        </module>

        <!-- Miscellaneous other checks. -->
        <!-- See http://checkstyle.sf.net/config_misc.html -->
        <module name="FinalParameters" />
        <module name="UpperEll" />

        <!-- TODO Remove this when all issues are resolved -->
        <module name="SuppressWarningsHolder" />
        <module name="SuppressionCommentFilter" />
    </module>

    <!-- TODO Remove this when all issues are resolved -->
    <module name="SuppressWarningsFilter" />
</module>
