{
  "id": null,
  "lastModifiedTime": null,
  "data": {
    "environment": "DEV",
    "planTypes": [
      "aiml_planType_standard_coaching",
      "aiml_planType_additional_development",
      "aiml_planType_additional_plan",
      "aiml_planType_documented_coaching",
      "aiml_planType_no_plan"
    ],
    "focusAreaMetrics": [
      {
        "id": "645ac20ad559f2d84314b3d0",
        "businessUnitId": "AIML",
        "focusArea": "aiml_focusArea_entityTagging",
        "focusAreaMetrics": "aiml_focusAreaMetric_quality,aiml_focusAreaMetric_throughput,aiml_focusAreaMetric_timegrading"
      },
      {
        "id": "645ac20ad559f2d84314b3d1",
        "businessUnitId": "AIML",
        "focusArea": "aiml_focusArea_falseTrigger",
        "focusAreaMetrics": "aiml_focusAreaMetric_quality,aiml_focusAreaMetric_timegrading"
      }
    ],
    "behaviors": [
      {
        "id": "645ac603d559f2d84314b3d5",
        "businessUnitId": "AIML",
        "behaviorCode": "aiml_behavior_one",
        "behaviorDescription": ""
      },
      {
        "id": "645ac603d559f2d84314b3d6",
        "businessUnitId": "AIML",
        "behaviorCode": "aiml_behavior_two",
        "behaviorDescription": ""
      },
      {
        "id": "645ac603d559f2d84314b3d7",
        "businessUnitId": "AIML",
        "behaviorCode": "aiml_behavior_three",
        "behaviorDescription": ""
      }
    ],
    "tasks": [
      {
        "id": "645ac4dfd559f2d84314b3d2",
        "businessUnitId": "AIML",
        "taskCode": "aiml_task_communication_1",
        "taskDescription": "",
        "taskType": "ANALYST"
      },
      {
        "id": "645ac4dfd559f2d84314b3d3",
        "businessUnitId": "AIML",
        "taskCode": "aiml_task_communication_2",
        "taskDescription": "",
        "taskType": "ANALYST,MANAGER"
      },
      {
        "id": "645ac4dfd559f2d84314b3d4",
        "businessUnitId": "AIML",
        "taskCode": "aiml_task_communication_3",
        "taskDescription": "",
        "taskType": "MANAGER"
      }
    ],
    "competencyFocus": [
      {
        "id": "aiml_competency_factor_results",
        "factorName": "aiml_competency_factor_results",
        "categoryList": [
          {
            "categoryName": "aiml_competency_category_taking_initiative",
            "focusList": [
              "aiml_competency_focus_resourcefulness",
              "aiml_competency_focus_action_oriented"
            ]
          }
        ]
      },
      {
        "id": "aiml_competency_factor_thought",
        "factorName": "aiml_competency_factor_thought",
        "categoryList": [
          {
            "categoryName": "aiml_competency_category_complex_decisions",
            "focusList": [
              "aiml_competency_focus_decision_quality",
              "aiml_competency_focus_manage_complexity",
              "aiml_competency_focus_balance_stakeholders"
            ]
          },
          {
            "categoryName": "aiml_competency_category_understanding_biz",
            "focusList": [
              "aiml_competency_focus_business_insight",
              "aiml_competency_focus_financial_acumen"
            ]
          }
        ]
      }
    ],
    "userData": {
      "id": "6465b2f4be0d9a958a916230",
      "dsid": "2026265615",
      "firstName": "Chris",
      "lastName": "Ellis",
      "preferredName": "Chris",
      "personType": "1",
      "emailAddress": "chrisellis@apple.com",
      "businessUnitId": "AIML",
      "roleId": "TL",
      "roleName": "Annotation Team Lead",
      "personCategory": "Apple Employee",
      "employeeStatus": "Active",
      "siteId": "AIML_AUS",
      "siteName": "AIML Data Ops - Austin",
      "managerDsid": "1450556490",
      "delegatedManagerDsid": "973541353",
      "delegationStartDate": "null",
      "delegationEndDate": "null",
      "l1Locale": "en_US",
      "l2Locale": "jp_JP",
      "l3Locale": "null",
      "l4Locale": "null",
      "l5Locale": "null"
    }
  },
  "status": "SUCCESS",
  "statusCode": 200,
  "errorMessage": null,
  "customErrorMessage": null,
  "recordCount": 0
}
