{
  "id": null,
  "lastModifiedTime": null,
  "data": {
    "userData": {
      "id": "6465b2f4be0d9a958a916230",
      "dsid": "2026265615",
      "firstName": "Chris",
      "lastName": "Ellis",
      "preferredName": "Chris",
      "personType": "1",
      "emailAddress": "chrisellis@apple.com",
      "businessUnitId": "AIML",
      "roleId": "TL",
      "applicationRoleLevel": "level_20",
      "roleName": "Annotation Team Lead",
      "personCategory": "Apple Employee",
      "employeeStatus": "Active",
      "siteId": "AIML_AUS",
      "siteName": "AIML Data Ops - Austin",
      "managerDsid": "1450556490",
      "delegatedManagerDsid": "973541353",
      "delegationStartDate": "null",
      "delegationEndDate": "null",
      "l1Locale": "en_US",
      "l2Locale": "jp_JP",
      "l3Locale": "null",
      "l4Locale": "null",
      "l5Locale": "null"
    },
    "directs": [
      {
        "id": "6465b59bbe0d9a958a916232",
        "dsid": "2700636314",
        "firstName": "Andrea",
        "lastName": "Trevino-Garcia",
        "preferredName": "Andrea",
        "personType": "1",
        "emailAddress": "atrevinogarcia@apple.com",
        "businessUnitId": "AIML",
        "roleId": "A",
        "applicationRoleLevel": "level_10",
        "roleName": "Annotation Analyst",
        "personCategory": "Apple Employee",
        "employeeStatus": "Active",
        "siteId": "AIML_AUS",
        "siteName": "AIML Data Ops - Austin",
        "managerDsid": "2026265615",
        "delegatedManagerDsid": "",
        "delegationStartDate": "null",
        "delegationEndDate": "null",
        "l1Locale": "en_US",
        "l2Locale": "null",
        "l3Locale": "null",
        "l4Locale": "null",
        "l5Locale": "null"
      },
      {
        "id": "6465b59bbe0d9a958a916233",
        "dsid": "2319884972",
        "firstName": "Bayan",
        "lastName": "Khidir",
        "preferredName": "Bayan",
        "personType": "1",
        "emailAddress": "bkhidir@apple.com",
        "businessUnitId": "AIML",
        "roleId": "A",
        "applicationRoleLevel": "level_10",
        "roleName": "Annotation Analyst",
        "personCategory": "Apple Employee",
        "employeeStatus": "Active",
        "siteId": "AIML_AUS",
        "siteName": "AIML Data Ops - Austin",
        "managerDsid": "2026265615",
        "delegatedManagerDsid": "",
        "delegationStartDate": "null",
        "delegationEndDate": "null",
        "l1Locale": "en_US",
        "l2Locale": "null",
        "l3Locale": "null",
        "l4Locale": "null",
        "l5Locale": "null"
      },
      {
        "id": "6465b59bbe0d9a958a916234",
        "dsid": "2700799775",
        "firstName": "Cristina",
        "lastName": "Fornos Moncho",
        "preferredName": "Cristina",
        "personType": "1",
        "emailAddress": "cfornosmoncho@apple.com",
        "businessUnitId": "AIML",
        "roleId": "A",
        "applicationRoleLevel": "level_10",
        "roleName": "Annotation Analyst",
        "personCategory": "Apple Employee",
        "employeeStatus": "Active",
        "siteId": "AIML_AUS",
        "siteName": "AIML Data Ops - Austin",
        "managerDsid": "2026265615",
        "delegatedManagerDsid": "",
        "delegationStartDate": "null",
        "delegationEndDate": "null",
        "l1Locale": "en_US",
        "l2Locale": "null",
        "l3Locale": "null",
        "l4Locale": "null",
        "l5Locale": "null"
      },
      {
        "id": "6465b59bbe0d9a958a916235",
        "dsid": "2320377185",
        "firstName": "Dan",
        "lastName": "Thompson",
        "preferredName": "Dan",
        "personType": "1",
        "emailAddress": "daniel_s_thompson@apple.com",
        "businessUnitId": "AIML",
        "roleId": "A",
        "applicationRoleLevel": "level_10",
        "roleName": "Annotation Analyst",
        "personCategory": "Apple Employee",
        "employeeStatus": "Active",
        "siteId": "AIML_AUS",
        "siteName": "AIML Data Ops - Austin",
        "managerDsid": "2026265615",
        "delegatedManagerDsid": "",
        "delegationStartDate": "null",
        "delegationEndDate": "null",
        "l1Locale": "en_US",
        "l2Locale": "null",
        "l3Locale": "null",
        "l4Locale": "null",
        "l5Locale": "null"
      },
      {
        "id": "6465b59bbe0d9a958a916236",
        "dsid": "2700943588",
        "firstName": "Diana",
        "lastName": "Olivas",
        "preferredName": "Diana",
        "personType": "1",
        "emailAddress": "diana_olivas@apple.com",
        "businessUnitId": "AIML",
        "roleId": "A",
        "applicationRoleLevel": "level_10",
        "roleName": "Annotation Analyst",
        "personCategory": "Apple Employee",
        "employeeStatus": "Active",
        "siteId": "AIML_AUS",
        "siteName": "AIML Data Ops - Austin",
        "managerDsid": "2026265615",
        "delegatedManagerDsid": "",
        "delegationStartDate": "null",
        "delegationEndDate": "null",
        "l1Locale": "en_US",
        "l2Locale": "null",
        "l3Locale": "null",
        "l4Locale": "null",
        "l5Locale": "null"
      },
      {
        "id": "6465b59bbe0d9a958a916237",
        "dsid": "973575362",
        "firstName": "Eric",
        "lastName": "Sung",
        "preferredName": "Eric",
        "personType": "1",
        "emailAddress": "ssung@apple.com",
        "businessUnitId": "AIML",
        "roleId": "A",
        "applicationRoleLevel": "level_10",
        "roleName": "Annotation Analyst",
        "personCategory": "Apple Employee",
        "employeeStatus": "Active",
        "siteId": "AIML_AUS",
        "siteName": "AIML Data Ops - Austin",
        "managerDsid": "2026265615",
        "delegatedManagerDsid": "",
        "delegationStartDate": "null",
        "delegationEndDate": "null",
        "l1Locale": "en_US",
        "l2Locale": "null",
        "l3Locale": "null",
        "l4Locale": "null",
        "l5Locale": "null"
      },
      {
        "id": "6465b663be0d9a958a91623c",
        "dsid": "2319881746",
        "firstName": "Janet",
        "lastName": "Skeem",
        "preferredName": "Janet",
        "personType": "1",
        "emailAddress": "jskeem@apple.com",
        "businessUnitId": "AIML",
        "roleId": "A",
        "applicationRoleLevel": "level_10",
        "roleName": "Annotation Analyst",
        "personCategory": "Apple Employee",
        "employeeStatus": "Active",
        "siteId": "AIML_AUS",
        "siteName": "AIML Data Ops - Austin",
        "managerDsid": "2026265615",
        "delegatedManagerDsid": "",
        "delegationStartDate": "null",
        "delegationEndDate": "null",
        "l1Locale": "en_US",
        "l2Locale": "null",
        "l3Locale": "null",
        "l4Locale": "null",
        "l5Locale": "null"
      },
      {
        "id": "6465b663be0d9a958a91623d",
        "dsid": "2700971624",
        "firstName": "Jared",
        "lastName": "Detty",
        "preferredName": "Jared",
        "personType": "1",
        "emailAddress": "j_detty@apple.com",
        "businessUnitId": "AIML",
        "roleId": "A",
        "applicationRoleLevel": "level_10",
        "roleName": "Annotation Analyst",
        "personCategory": "Apple Employee",
        "employeeStatus": "Active",
        "siteId": "AIML_AUS",
        "siteName": "AIML Data Ops - Austin",
        "managerDsid": "2026265615",
        "delegatedManagerDsid": "",
        "delegationStartDate": "null",
        "delegationEndDate": "null",
        "l1Locale": "en_US",
        "l2Locale": "null",
        "l3Locale": "null",
        "l4Locale": "null",
        "l5Locale": "null"
      },
      {
        "id": "6465b663be0d9a958a91623e",
        "dsid": "2320288016",
        "firstName": "Jeidy",
        "lastName": "Navarro",
        "preferredName": "Jeidy",
        "personType": "1",
        "emailAddress": "jeidy_navarro@apple.com",
        "businessUnitId": "AIML",
        "roleId": "A",
        "applicationRoleLevel": "level_10",
        "roleName": "Annotation Analyst",
        "personCategory": "Apple Employee",
        "employeeStatus": "Active",
        "siteId": "AIML_AUS",
        "siteName": "AIML Data Ops - Austin",
        "managerDsid": "2026265615",
        "delegatedManagerDsid": "",
        "delegationStartDate": "null",
        "delegationEndDate": "null",
        "l1Locale": "en_US",
        "l2Locale": "null",
        "l3Locale": "null",
        "l4Locale": "null",
        "l5Locale": "null"
      }
    ]
  },
  "status": "SUCCESS",
  "statusCode": 200,
  "errorMessage": null,
  "customErrorMessage": null,
  "recordCount": 0
}
